Class,AntiSingleton,Blob,ClassDataShouldBePrivate,ComplexClass,LargeClass,LazyClass,LongMethod,LongParameterList,MessageChains,RefusedParentBequest,SpaghettiCode,SpeculativeGenerality,SwissArmyKnife,SumOfAPs
org.apache.cocoon.stax.navigation.FindStartElementNavigator,0.0,0.0,0.0,0.0,0.0,0.0,0.0,0.5,0.0,0.0,0.0,0.0,0.0,0.5
org.apache.cocoon.stax.navigation.MatchingType,0.0,0.0,0.0,0.0,0.0,0.0,0.0,1.0,0.0,0.0,0.0,0.0,0.0,1.0
org.apache.cocoon.wicket.sitemap.WicketReader,0.0,0.0,0.0,0.0,0.0,0.0,0.0,0.0,0.0,0.0,0.0,0.0,0.0,0.0
org.apache.cocoon.pipeline.ProcessingException,0.0,0.0,0.0,0.0,0.0,0.0,0.0,0.0,0.0,0.0,0.0,0.0,0.0,0.0
org.apache.cocoon.pipeline.SetupException,0.0,0.0,0.0,0.0,0.0,0.0,0.0,0.0,0.0,0.0,0.0,0.0,0.0,0.0
org.apache.cocoon.servlet.collector.ResponseHeaderCollector,0.0,0.0,0.0,0.0,0.0,0.0,0.0,0.0,0.0,0.0,0.0,0.0,0.0,0.0
org.apache.cocoon.servlet.util.HttpContextHelper,0.0,0.0,0.0,0.0,0.0,0.0,0.0,0.0,0.0,0.0,0.0,0.0,0.0,0.0
org.apache.cocoon.sample.jaxrs.SampleJaxRsResource1,0.0,0.0,0.0,0.0,0.0,0.0,0.0,0.0,0.0,0.0,0.0,0.0,0.0,0.0
org.apache.cocoon.rest.jaxrs.response.URLResponseBuilder,0.0,0.0,0.0,0.0,0.0,0.0,0.0,0.0,0.0,0.0,0.0,0.0,0.0,0.0
org.apache.cocoon.pipeline.caching.AbstractCacheKey,0.0,0.0,0.0,0.0,0.0,0.0,0.0,0.0,0.0,0.0,0.0,0.0,0.0,0.0
org.apache.cocoon.pipeline.caching.SimpleCacheKey,0.0,0.0,0.0,0.0,0.0,0.0,0.0,0.0,0.0,0.0,0.0,0.0,0.0,0.0
org.apache.cocoon.pipeline.util.MurmurHashCodeBuilder,0.0,0.0,0.0,0.0,0.0,0.0,0.0,0.0,0.0,0.0,0.0,0.0,0.0,0.0
org.apache.cocoon.pipeline.util.StringRepresentation,0.0,0.0,0.0,0.0,0.0,0.0,0.0,0.0,0.0,0.0,0.0,0.0,0.0,0.0
org.apache.cocoon.stax.sample.test.StartEndElementPairModifaicationTransformerTest,0.0,0.0,0.0,0.0,0.0,0.0,0.0,0.0,0.0,0.0,0.0,0.0,0.0,0.0
org.apache.cocoon.pipeline.NonCachingPipeline,0.0,0.0,0.0,0.0,0.0,0.0,0.0,0.0,0.0,0.0,0.0,0.0,0.0,0.0
org.apache.cocoon.stax.component.XMLGenerator,0.0,0.0,0.0,0.0,0.0,0.0,0.0,0.0,0.0,0.0,0.0,0.0,0.0,0.0
org.apache.cocoon.stax.component.XMLSerializer,0.0,0.0,0.0,0.0,0.0,0.0,0.0,0.0,0.0,0.0,0.0,0.0,0.0,0.0
org.apache.cocoon.stax.sample.src.StartEndElementPairModificationTransformer,0.0,0.0,0.0,0.0,0.0,0.0,0.0,0.0,0.0,0.0,0.0,0.0,0.0,0.0
org.apache.cocoon.sax.component.XMLSerializer,0.0,0.0,0.0,1.0,0.0,0.0,0.0,1.0,0.0,0.0,0.0,0.0,0.0,2.0
org.apache.cocoon.pipeline.caching.ParameterCacheKey,0.0,0.0,0.0,0.0,0.0,0.0,0.0,0.0,0.0,0.0,0.0,0.0,0.0,0.0
org.apache.cocoon.sax.AbstractSAXSerializer,0.0,0.0,0.0,0.0,0.0,0.0,0.0,0.0,0.0,0.0,0.0,0.0,0.0,0.0
org.apache.cocoon.monitoring.statistics.StatisticsCollector,0.0,0.0,0.0,0.0,0.0,0.0,0.0,0.0,0.0,0.0,0.0,0.0,0.0,0.0
org.apache.cocoon.sitemap.MockHttpServletRequest,0.0,0.0,0.0,0.0,0.0,0.0,0.0,0.0,0.0,0.0,0.0,0.0,0.0,0.0
org.apache.cocoon.pipeline.PipelineException,0.0,0.0,0.0,0.0,0.0,0.0,0.0,0.0,0.0,0.0,0.0,0.0,0.0,0.0
org.apache.cocoon.stax.component.IncludeTransformer,0.0,0.0,0.0,0.0,0.0,0.0,0.0,0.0,0.0,0.0,0.0,0.0,0.0,0.0
org.apache.cocoon.pipeline.component.AbstractPipelineComponent,0.0,0.0,0.0,0.0,0.0,0.0,0.0,0.0,0.0,0.0,0.0,0.0,0.0,0.0
org.apache.cocoon.stax.AbstractStAXTransformer,0.0,0.0,0.0,0.0,0.0,0.0,0.0,0.0,0.0,0.0,0.0,0.0,0.0,0.0
org.apache.cocoon.servlet.util.ServletServiceUtils,0.0,0.0,0.0,0.0,0.0,0.0,0.0,0.0,0.0,0.0,0.0,0.0,0.0,0.0
org.apache.cocoon.servlet.DebugFilter,0.0,0.0,0.0,0.0,0.0,0.0,0.0,0.0,0.0,0.0,0.0,0.0,0.0,0.0
org.apache.cocoon.sax.xpointer.XPointerContext,0.0,0.0,0.0,0.0,0.0,0.0,0.0,0.6,0.0,0.0,0.0,0.0,0.0,0.6
org.apache.cocoon.rest.controller.response.GenericContentTypeResponse,0.0,0.0,0.0,0.0,0.0,0.0,0.0,0.0,0.0,0.0,0.0,0.0,0.0,0.0
org.apache.cocoon.rest.controller.response.RestResponseMetaData,0.0,0.0,0.0,0.0,0.0,0.0,0.0,0.25,0.0,0.0,0.0,0.0,0.0,0.25
org.apache.cocoon.rest.controller.ControllerBeanScopeResolver,0.0,0.0,0.0,0.0,0.0,0.0,0.0,0.0,0.0,0.0,0.0,0.0,0.0,0.0
org.apache.cocoon.sample.jaxrs.SampleJaxRsResource2,0.0,0.0,0.0,0.0,0.0,0.0,0.0,0.0,0.0,0.0,0.0,0.0,0.0,0.0
org.apache.cocoon.servlet.component.RedirectorComponent,0.0,0.0,0.0,0.0,0.0,0.0,0.0,0.0,0.0,0.0,0.0,0.0,0.0,0.0
org.apache.cocoon.sax.component.XSLTTransformer,0.0,0.0,0.0,0.0,0.0,0.0,0.0,0.0,0.0,0.0,0.0,0.0,0.0,0.0
org.apache.cocoon.sax.AbstractSAXTransformer,0.0,0.0,0.0,0.0,0.0,0.0,0.0,0.0,0.0,0.0,0.0,0.0,0.0,0.0
org.apache.cocoon.sax.util.InMemoryLRUResourceCache,0.0,0.0,0.0,0.0,0.0,0.0,0.0,0.0,0.0,0.0,0.0,0.0,0.0,0.0
org.apache.cocoon.sax.util.SAXConsumerAdapter,0.0,0.0,0.0,0.0,0.0,0.0,0.0,0.0,0.0,0.0,0.0,0.0,0.0,0.0
org.apache.cocoon.sax.component.TraxErrorListener,0.0,0.0,0.0,0.0,0.0,0.0,0.0,0.0,0.0,0.0,0.0,0.0,0.0,0.0
org.apache.cocoon.profiling.profiler.PipelineNodeProfiler,0.0,0.0,0.0,0.5,0.0,0.0,0.0,0.0,0.0,0.0,0.0,0.0,0.0,0.5
org.apache.cocoon.profiling.data.ProfilingData,0.0,0.0,0.0,0.15384615384615385,0.0,0.0,0.0,0.6153846153846154,0.0,0.0,0.0,0.0,0.0,0.7692307692307693
org.apache.cocoon.sitemap.node.PipelineNode,0.0,0.0,0.0,0.0,0.0,0.0,0.0,0.3333333333333333,0.0,0.0,0.0,0.0,0.0,0.3333333333333333
org.apache.cocoon.profiling.profiler.Profiler,0.0,0.0,0.0,0.25,0.0,0.0,0.0,0.0,0.0,0.0,0.0,0.0,0.0,0.25
org.apache.cocoon.stax.sample.src.ExampleComplexTransformer,0.0,0.0,0.0,0.0,0.0,0.0,0.0,0.0,0.0,0.0,0.0,0.0,0.0,0.0
org.apache.cocoon.stax.navigation.FindEndElementNavigator,0.0,0.0,0.0,0.0,0.0,0.0,0.0,0.0,0.0,0.0,0.0,0.0,0.0,0.0
org.apache.cocoon.stax.navigation.InSubtreeNavigator,0.0,0.0,0.0,0.0,0.0,0.0,0.0,0.0,0.0,0.0,0.0,0.0,0.0,0.0
org.apache.cocoon.monitoring.servletservice.ServletServiceMonitor,0.0,0.0,0.0,0.0,0.0,0.0,0.0,0.0,0.0,0.0,0.0,0.0,0.0,0.0
org.apache.cocoon.optional.pipeline.components.sax.jaxb.Alias,0.0,0.0,0.0,0.0,0.0,0.0,0.0,0.0,0.0,0.0,0.0,0.0,0.0,0.0
org.apache.cocoon.optional.pipeline.components.sax.jaxb.Person,0.0,0.0,0.0,0.0,0.0,0.0,0.0,0.0,0.0,0.0,0.0,0.0,0.0,0.0
org.apache.cocoon.monitoring.reconfiguration.JmxSpringSettings,0.0,0.0,0.0,0.0,0.0,0.0,0.0,0.0,0.0,0.0,0.0,0.0,0.0,0.0
org.apache.cocoon.sitemap.node.AbstractSitemapNode,0.0,0.0,0.0,0.0,0.0,0.0,0.0,0.0,0.0,0.0,0.0,0.0,0.0,0.0
org.apache.cocoon.sitemap.util.SpringProxyHelper,0.0,0.0,0.0,0.0,0.0,0.0,0.0,0.0,0.0,0.0,0.0,0.0,0.0,0.0
org.apache.cocoon.sitemap.node.ParameterNode,0.0,0.0,0.0,0.0,0.0,0.0,0.0,0.0,0.0,0.0,0.0,0.0,0.0,0.0
org.apache.cocoon.sitemap.node.InvocationResult,0.0,0.0,0.0,0.0,0.0,0.0,0.0,0.0,0.0,0.0,0.0,0.0,0.0,0.0
org.apache.cocoon.pipeline.CachingPipeline,0.0,0.0,0.0,0.0,0.0,0.0,0.0,1.0,0.0,0.0,0.0,0.0,0.0,1.0
org.apache.cocoon.sitemap.node.SerializeNode,0.0,0.0,0.0,0.0,0.0,0.0,0.0,0.0,0.0,0.0,0.0,0.0,0.0,0.0
org.apache.cocoon.servlet.collector.ThreadLocalCollectorDataStore,0.0,0.0,0.0,0.0,0.0,0.0,0.0,0.0,0.0,0.0,0.0,0.0,0.0,0.0
org.apache.cocoon.servlet.collector.InvalidStatusCodeException,0.0,0.0,0.0,0.0,0.0,0.0,0.0,0.0,0.0,0.0,0.0,0.0,0.0,0.0
org.apache.cocoon.stax.sample.src.SubSetTransformer,0.0,0.0,0.0,0.0,0.0,0.0,0.0,1.0,0.0,0.0,0.0,0.0,0.0,1.0
org.apache.cocoon.sitemap.MockServletContext,0.0,0.0,0.0,0.0,0.0,0.0,0.0,0.0,0.0,0.0,0.0,0.0,0.0,0.0
org.apache.cocoon.profiling.ProfilingIntegrationTest,0.0,0.0,0.0,0.6666666666666666,0.0,0.0,0.0,0.3333333333333333,0.0,0.0,0.0,0.0,0.0,1.0
org.apache.cocoon.sitemap.SitemapParametersStack,0.0,0.0,0.0,0.0,0.0,0.0,0.0,0.0,0.0,0.0,0.0,0.0,0.0,0.0
org.apache.cocoon.monitoring.cache.CacheMonitor,0.0,0.0,0.0,0.0,0.0,0.0,0.0,0.0,0.0,0.0,0.0,0.0,0.0,0.0
org.apache.cocoon.monitoring.util.UnitSizeFormatter,0.0,0.0,0.0,0.0,0.0,0.0,0.0,0.0,0.0,0.0,0.0,0.0,0.0,0.0
org.apache.cocoon.wicket.target.CocoonSitemapRequestTarget,0.0,0.0,0.0,0.0,0.0,0.0,0.0,0.5,0.0,0.0,0.0,0.0,0.0,0.5
org.apache.cocoon.servlet.RequestProcessor,0.0,0.0,0.0,0.0,0.0,0.0,0.0,0.0,0.0,0.0,0.0,0.0,0.0,0.0
org.apache.cocoon.sitemap.NoMatchingPipelineException,0.0,0.0,0.0,0.0,0.0,0.0,0.0,0.0,0.0,0.0,0.0,0.0,0.0,0.0
org.apache.cocoon.sitemap.spring.PrototypeActionFactory,0.0,0.0,0.0,0.0,0.0,0.0,0.0,0.0,0.0,0.0,0.0,0.0,0.0,0.0
org.apache.cocoon.sitemap.InvocationException,0.0,0.0,0.0,0.0,0.0,0.0,0.0,0.0,0.0,0.0,0.0,0.0,0.0,0.0
org.apache.cocoon.profiling.MockHttpServletRequest,0.0,0.0,0.0,0.0,0.0,0.0,0.0,0.0,0.0,0.0,0.0,0.0,0.0,0.0
org.apache.cocoon.sitemap.node.Sitemap,0.0,0.0,0.0,0.0,0.0,0.0,0.0,0.0,0.0,0.0,0.0,0.0,0.0,0.0
org.apache.cocoon.sitemap.MockHttpServletResponse,0.0,0.0,0.0,0.0,0.0,0.0,0.0,0.0,0.0,0.0,0.0,0.0,0.0,0.0
org.apache.cocoon.servlet.controller.ControllerContextHelper,0.0,0.0,0.0,0.0,0.0,0.0,0.0,0.0,0.0,0.0,0.0,0.0,0.0,0.0
org.apache.cocoon.sitemap.SitemapBuilder,0.0,0.0,0.0,0.0,0.0,0.0,0.0,0.0,0.0,0.0,0.0,0.0,0.0,0.0
org.apache.cocoon.sitemap.node.SitemapNodeFactory,0.0,0.0,0.0,0.0,0.0,0.0,0.0,0.0,0.0,0.0,0.0,0.0,0.0,0.0
org.apache.cocoon.stax.sample.test.StartEndElementPairModificationTransformerTest,0.0,0.0,0.0,0.0,0.0,0.0,0.0,0.0,0.0,0.0,0.0,0.0,0.0,0.0
org.apache.cocoon.sax.builder.LinkedSAXPipelineComponentBuilderImpl,0.0,0.0,0.0,0.0,0.0,0.0,0.0,0.0,0.0,0.0,0.0,0.0,0.0,0.0
org.apache.cocoon.sax.component.CleaningTransformer,0.0,0.0,0.0,0.0,0.0,0.0,0.0,0.0,0.0,0.0,0.0,0.0,0.0,0.0
org.apache.cocoon.sax.component.IncludeTransformer,0.0,0.0,0.0,0.0,0.0,0.0,0.0,0.0,0.0,0.0,0.0,0.0,0.0,0.0
org.apache.cocoon.sax.component.LogAsXMLTransformer,0.0,0.0,0.0,1.0,0.0,0.0,0.0,0.0,0.0,0.0,0.0,0.0,0.0,1.0
org.apache.cocoon.sax.component.LogTransformer,0.0,0.0,0.0,0.0,0.0,0.0,0.0,0.0,0.0,0.0,0.0,0.0,0.0,0.0
org.apache.cocoon.sax.component.SchemaProcessorTransformer,0.0,0.0,0.0,0.0,0.0,0.0,0.0,0.0,0.0,0.0,0.0,0.0,0.0,0.0
org.apache.cocoon.sax.component.XIncludeTransformer,0.0,0.0,0.0,0.0,0.0,0.0,0.0,0.0,0.0,0.0,0.0,0.0,0.0,0.0
org.apache.cocoon.stax.converter.util.StAXEventContentHandler,0.0,0.0,0.0,0.0,0.0,0.0,0.0,0.0,0.0,0.0,0.0,0.0,0.0,0.0
org.apache.cocoon.stax.converter.util.SimpleNamespaceContext,0.0,0.0,0.0,1.0,0.0,0.0,0.0,1.0,0.0,0.0,0.0,0.0,0.0,2.0
org.apache.cocoon.sitemap.SitemapBuilderTest,0.0,0.0,0.0,0.0,0.0,0.0,0.0,0.0,0.0,0.0,0.0,0.0,0.0,0.0
org.apache.cocoon.sample.action.CustomException,0.0,0.0,0.0,0.0,0.0,0.0,0.0,0.0,0.0,0.0,0.0,0.0,0.0,0.0
org.apache.cocoon.sitemap.objectmodel.ObjectModel,0.0,0.0,0.0,0.16666666666666666,0.0,0.0,0.0,0.16666666666666666,0.0,0.0,0.0,0.0,0.0,0.3333333333333333
org.apache.cocoon.sitemap.InvocationImpl,0.0,0.0,0.0,0.0,0.0,0.0,0.0,0.0,0.0,0.0,0.0,0.0,0.0,0.0
org.apache.cocoon.sitemap.node.ErrorNode,0.0,0.0,0.0,0.0,0.0,0.0,0.0,0.0,0.0,0.0,0.0,0.0,0.0,0.0
org.apache.cocoon.optional.pipeline.components.sax.jaxb.ObjectCacheKey,0.0,0.0,0.0,0.0,0.0,0.0,0.0,0.0,0.0,0.0,0.0,0.0,0.0,0.0
org.apache.cocoon.servlet.ssf.ServletServiceGenerator,0.0,0.0,0.0,0.0,0.0,0.0,0.0,0.0,0.0,0.0,0.0,0.0,0.0,0.0
org.apache.cocoon.sax.AbstractSAXProducer,0.0,0.0,0.0,0.0,0.0,0.0,0.0,0.0,0.0,0.0,0.0,0.0,0.0,0.0
org.apache.cocoon.sax.util.XMLUtils,0.0,0.0,0.0,0.0,0.0,0.0,0.0,0.0,0.0,0.0,0.0,0.0,0.0,0.0
org.apache.cocoon.sitemap.node.MatchNode,0.0,0.0,0.0,0.0,0.0,0.0,0.0,1.0,0.0,0.0,0.0,0.0,0.0,1.0
org.apache.cocoon.sitemap.matcher.ContainsMatcher,0.0,0.0,0.0,0.0,0.0,0.0,0.0,0.0,0.0,0.0,0.0,0.0,0.0,0.0
org.apache.cocoon.sitemap.matcher.EndsWithMatcher,0.0,0.0,0.0,0.0,0.0,0.0,0.0,0.0,0.0,0.0,0.0,0.0,0.0,0.0
org.apache.cocoon.sitemap.matcher.EqualsMatcher,0.0,0.0,0.0,0.0,0.0,0.0,0.0,0.0,0.0,0.0,0.0,0.0,0.0,0.0
org.apache.cocoon.sitemap.matcher.RegexpMatcher,0.0,0.0,0.0,0.0,0.0,0.0,0.0,0.0,0.0,0.0,0.0,0.0,0.0,0.0
org.apache.cocoon.sitemap.matcher.StartsWithMatcher,0.0,0.0,0.0,0.0,0.0,0.0,0.0,0.0,0.0,0.0,0.0,0.0,0.0,0.0
org.apache.cocoon.sitemap.matcher.WildcardMatcher,0.0,0.0,0.0,0.0,0.0,0.0,0.0,0.0,0.0,0.0,0.0,0.0,0.0,0.0
org.apache.cocoon.monitoring.cache.entry.CacheEntrysMonitorInitializer,0.0,0.0,0.0,0.0,0.0,0.0,0.0,0.0,0.0,0.0,0.0,0.0,0.0,0.0
org.apache.cocoon.monitoring.cache.entry.CacheEntryMonitor,0.0,0.0,0.0,0.0,0.0,0.0,0.0,0.0,0.0,0.0,0.0,0.0,0.0,0.0
org.apache.cocoon.pipeline.AbstractPipeline,0.0,0.0,0.0,0.0,0.0,0.0,0.0,0.0,0.0,0.0,0.0,0.0,0.0,0.0
org.apache.cocoon.wicket.target.CocoonSitemap,0.0,0.0,0.0,0.0,0.0,0.0,0.0,0.0,0.0,0.0,0.0,0.0,0.0,0.0
org.apache.cocoon.sample.generation.TimestampGenerator,0.0,0.0,0.0,0.0,0.0,0.0,0.0,0.0,0.0,0.0,0.0,0.0,0.0,0.0
org.apache.cocoon.sax.AbstractSAXGenerator,0.0,0.0,0.0,0.0,0.0,0.0,0.0,0.0,0.0,0.0,0.0,0.0,0.0,0.0
org.apache.cocoon.profiling.ProfileMethodType,0.0,0.0,0.0,0.0,0.0,0.0,0.0,1.0,0.0,0.0,0.0,0.0,0.0,1.0
org.apache.cocoon.sitemap.expression.SitemapLanguageInterpreter,0.0,0.0,0.0,0.0,0.0,0.0,0.0,0.0,0.0,0.0,0.0,0.0,0.0,0.0
org.apache.cocoon.rest.controller.util.AnnotationCollector,0.0,0.0,0.0,1.0,0.0,0.0,0.0,1.0,0.0,0.0,0.0,0.0,0.0,2.0
org.apache.cocoon.stax.converter.util.XMLFilterImplEx,0.0,0.0,0.0,0.0,0.0,0.0,0.0,0.0,0.0,0.0,0.0,0.0,0.0,0.0
org.apache.cocoon.sax.component.SchemaValidationException,0.0,0.0,0.0,0.0,0.0,0.0,0.0,0.0,0.0,0.0,0.0,0.0,0.0,0.0
org.apache.cocoon.stax.stress.src.OmitElementTransformer,0.0,0.0,0.0,0.0,0.0,0.0,0.0,0.0,0.0,0.0,0.0,0.0,0.0,0.0
org.apache.cocoon.stax.navigation.FindCorrespondingStartEndElementPairNavigator,0.0,0.0,0.0,0.0,0.0,0.0,0.0,1.0,0.0,0.0,0.0,0.0,0.0,1.0
org.apache.cocoon.sitemap.util.ExceptionHandler,0.0,0.0,0.0,0.0,0.0,0.0,0.0,0.0,0.0,0.0,0.0,0.0,0.0,0.0
org.apache.cocoon.rest.controller.SpringRESTController,0.0,0.0,0.0,0.0,0.0,0.0,0.0,0.0,0.0,0.0,0.0,0.0,0.0,0.0
org.apache.cocoon.servlet.util.SettingsHelper,0.0,0.0,0.0,0.0,0.0,0.0,0.0,0.0,0.0,0.0,0.0,0.0,0.0,0.0
org.apache.cocoon.rest.controller.MethodDelegator,0.0,0.0,0.0,1.0,0.0,0.0,0.0,1.0,0.0,0.0,0.0,0.0,0.0,2.0
org.apache.cocoon.stax.AbstractStAXPipelineComponent,0.0,0.0,0.0,0.0,0.0,0.0,0.0,0.0,0.0,0.0,0.0,0.0,0.0,0.0
org.apache.cocoon.profiling.aspects.PipelineProfilingAspect,0.0,0.0,0.0,0.0,0.0,0.0,0.0,0.0,0.0,0.0,0.0,0.0,0.0,0.0
org.apache.cocoon.profiling.jmx.ProfilingManagement,0.0,0.0,0.0,0.0,0.0,0.0,0.0,0.0,0.0,0.0,0.0,0.0,0.0,0.0
org.apache.cocoon.profiling.aspects.InvocationDispatcher,0.0,0.0,0.0,0.0,0.0,0.0,0.0,0.16666666666666666,0.0,0.0,0.0,0.0,0.0,0.16666666666666666
org.apache.cocoon.stax.AbstractStAXProducer,0.0,0.0,0.0,0.0,0.0,0.0,0.0,0.0,0.0,0.0,0.0,0.0,0.0,0.0
org.apache.cocoon.sax.util.TransformationUtilsTest,0.0,0.0,0.0,0.0,0.0,0.0,0.0,0.0,0.0,0.0,0.0,0.0,0.0,0.0
org.apache.cocoon.sax.util.TransformationUtils,0.0,0.0,0.0,0.0,0.0,0.0,0.0,0.0,0.0,0.0,0.0,0.0,0.0,0.0
org.apache.cocoon.optional.servlet.components.sax.serializers.EncodingXMLSerializer,0.0,0.0,0.0,0.0,0.0,0.0,0.0,0.0,0.0,0.0,0.0,0.0,0.0,0.0
org.apache.cocoon.optional.servlet.components.sax.serializers.util.ConfigurationUtils,0.0,0.0,0.0,0.0,0.0,0.0,0.0,0.0,0.0,0.0,0.0,0.0,0.0,0.0
org.apache.cocoon.sitemap.spring.PrototypePipelineFactory,0.0,0.0,0.0,0.0,0.0,0.0,0.0,0.0,0.0,0.0,0.0,0.0,0.0,0.0
org.apache.cocoon.stax.sample.test.DaisyLinkRewriteTransformerTest,0.0,0.0,0.0,0.0,0.0,0.0,0.0,0.0,0.0,0.0,0.0,0.0,0.0,0.0
org.apache.cocoon.stax.sample.src.DaisyLinkRewriteTransformer,0.0,0.0,0.0,0.0,0.0,0.0,0.0,0.0,0.0,0.0,0.0,0.0,0.0,0.0
org.apache.cocoon.sitemap.expression.PrototypeLanguageInterpreterFactory,0.0,0.0,0.0,0.0,0.0,0.0,0.0,0.0,0.0,0.0,0.0,0.0,0.0,0.0
org.apache.cocoon.sitemap.spring.ReflectionPipelineFactory,0.0,0.0,0.0,0.0,0.0,0.0,0.0,0.0,0.0,0.0,0.0,0.0,0.0,0.0
org.apache.cocoon.pipeline.caching.ExpiresCacheKey,0.0,0.0,0.0,0.0,0.0,0.0,0.0,0.0,0.0,0.0,0.0,0.0,0.0,0.0
org.apache.cocoon.sax.builder.LinkedSAXPipelineStarterBuilderImpl,0.0,0.0,0.0,0.0,0.0,0.0,0.0,0.0,0.0,0.0,0.0,0.0,0.0,0.0
org.apache.cocoon.sax.component.XMLGenerator,0.0,0.0,0.0,0.0,0.0,0.0,0.0,0.0,0.0,0.0,0.0,0.0,0.0,0.0
org.apache.cocoon.stax.sample.src.DeletionTransformer,0.0,0.0,0.0,0.0,0.0,0.0,0.0,0.0,0.0,0.0,0.0,0.0,0.0,0.0
org.apache.cocoon.pipeline.AsyncCachePipeline,0.0,0.0,0.0,0.0,0.0,0.0,0.0,0.0,0.0,0.0,0.0,0.0,0.0,0.0
org.apache.cocoon.pipeline.caching.CompleteCacheValue,0.0,0.0,0.0,0.0,0.0,0.0,0.0,0.0,0.0,0.0,0.0,0.0,0.0,0.0
org.apache.cocoon.pipeline.caching.CachingOutputStream,0.0,0.0,0.0,0.0,0.0,0.0,0.0,0.0,0.0,0.0,0.0,0.0,0.0,0.0
org.apache.cocoon.rest.controller.response.Status,0.0,0.0,0.0,0.0,0.0,0.0,0.0,0.0,0.0,0.0,0.0,0.0,0.0,0.0
org.apache.cocoon.profiling.spring.AutomaticProfilerInstaller,0.0,0.0,0.0,0.0,0.0,0.0,0.0,0.5,0.0,0.0,0.0,0.0,0.0,0.5
org.apache.cocoon.sitemap.SpringComponentProvider,0.0,0.0,0.0,0.0,0.0,0.0,0.0,0.0,0.0,0.0,0.0,0.0,0.0,0.0
org.apache.cocoon.optional.pipeline.components.sax.solr.SolrConsumerTestCase,0.0,0.0,0.0,0.0,0.0,0.0,0.0,0.0,0.0,0.0,0.0,0.0,0.0,0.0
org.apache.cocoon.optional.pipeline.components.sax.solr.SolrConsumer,0.0,0.0,0.0,0.0,0.0,0.0,0.0,0.0,0.0,0.0,0.0,0.0,0.0,0.0
org.apache.cocoon.optional.servlet.components.sax.serializers.EncodingXHTMLSerializer,0.0,0.0,0.0,0.0,0.0,0.0,0.0,0.0,0.0,0.0,0.0,0.0,0.0,0.0
org.apache.cocoon.rest.util.AnnotatedSuperClass,0.0,0.0,0.0,0.0,0.0,0.0,0.0,0.0,0.0,0.0,0.0,0.0,0.0,0.0
org.apache.cocoon.sitemap.spring.SitemapNodeNameGenerator,0.0,0.0,0.0,0.0,0.0,0.0,0.0,0.0,0.0,0.0,0.0,0.0,0.0,0.0
org.apache.cocoon.stax.IncludeTransformerTest,0.0,0.0,0.0,0.0,0.0,0.0,0.0,0.0,0.0,0.0,0.0,0.0,0.0,0.0
org.apache.cocoon.sax.xpointer.XmlnsPart,0.0,0.0,0.0,0.0,0.0,0.0,0.0,0.0,0.0,0.0,0.0,0.0,0.0,0.0
org.apache.cocoon.sax.xpointer.AbstractPointerPart,0.0,0.0,0.0,0.0,0.0,0.0,0.0,0.0,0.0,0.0,0.0,0.0,0.0,0.0
org.apache.cocoon.pipeline.caching.CompoundCacheKey,0.0,0.0,0.0,0.0,0.0,0.0,0.0,0.0,0.0,0.0,0.0,0.0,0.0,0.0
org.apache.cocoon.profiling.data.UUIDProfilingIdGenerator,0.0,0.0,0.0,0.0,0.0,0.0,0.0,0.0,0.0,0.0,0.0,0.0,0.0,0.0
org.apache.cocoon.optional.pipeline.components.sax.jaxb.InMemoryLRUMarshallerCache,0.0,0.0,0.0,0.0,0.0,0.0,0.0,0.0,0.0,0.0,0.0,0.0,0.0,0.0
org.apache.cocoon.rest.util.AnnotationCollectorTest,0.0,0.0,0.0,0.0,0.0,0.0,0.0,0.0,0.0,0.0,0.0,0.0,0.0,0.0
org.apache.cocoon.rest.util.AnnotatedClass,0.0,0.0,0.0,0.0,0.0,0.0,0.0,0.0,0.0,0.0,0.0,0.0,0.0,0.0
org.apache.cocoon.profiling.profiler.TransformNodeProfiler,0.0,0.0,0.0,0.5,0.0,0.0,0.0,0.0,0.0,0.0,0.0,0.0,0.0,0.5
org.apache.cocoon.sitemap.node.TransformNode,0.0,0.0,0.0,0.0,0.0,0.0,0.0,1.0,0.0,0.0,0.0,0.0,0.0,1.0
org.apache.cocoon.servlet.collector.CallStackCollectorDataStore,0.0,0.0,0.0,0.0,0.0,0.0,0.0,0.0,0.0,0.0,0.0,0.0,0.0,0.0
org.apache.cocoon.monitoring.cache.CacheBurstActions,0.0,0.0,0.0,0.0,0.0,0.0,0.0,0.0,0.0,0.0,0.0,0.0,0.0,0.0
org.apache.cocoon.servlet.ssf.ServiceConsumerGenerator,0.0,0.0,0.0,0.0,0.0,0.0,0.0,0.0,0.0,0.0,0.0,0.0,0.0,0.0
org.apache.cocoon.stax.StAXPipelineTest,0.0,0.0,0.0,0.0,0.0,0.0,0.0,0.0,0.0,0.0,0.0,0.0,0.0,0.0
org.apache.cocoon.sitemap.component.ExceptionGenerator,0.0,0.0,0.0,0.0,0.0,0.0,0.0,0.0,0.0,0.0,0.0,0.0,0.0,0.0
org.apache.cocoon.sitemap.util.ParameterHelper,0.0,0.0,0.0,0.0,0.0,0.0,0.0,0.0,0.0,0.0,0.0,0.0,0.0,0.0
org.apache.cocoon.pipeline.caching.CacheRefreshManagerImpl,0.0,0.0,0.0,0.0,0.0,0.0,0.0,0.0,0.0,0.0,0.0,0.0,0.0,0.0
org.apache.cocoon.sax.xpointer.XPointerPart,0.0,0.0,0.0,0.0,0.0,0.0,0.0,0.0,0.0,0.0,0.0,0.0,0.0,0.0
org.apache.cocoon.stax.sample.test.DeletionTransformerTest,0.0,0.0,0.0,0.0,0.0,0.0,0.0,0.0,0.0,0.0,0.0,0.0,0.0,0.0
org.apache.cocoon.profiling.data.ProfilingDataManagerImpl,0.0,0.0,0.0,1.0,0.0,0.0,0.0,0.0,0.0,0.0,0.0,0.0,0.0,1.0
org.apache.cocoon.profiling.data.ProfilingDataComparator,0.0,0.0,0.0,1.0,0.0,0.0,0.0,0.0,0.0,0.0,0.0,0.0,0.0,1.0
org.apache.cocoon.stringtemplate.StringTemplateGenerator,0.0,0.0,0.0,0.0,0.0,0.0,0.0,0.0,0.0,0.0,0.0,0.0,0.0,0.0
org.apache.cocoon.pipeline.caching.TimestampCacheKey,0.0,0.0,0.0,0.0,0.0,0.0,0.0,0.0,0.0,0.0,0.0,0.0,0.0,0.0
org.apache.cocoon.stax.sample.test.SubSetTransformerTest,0.0,0.0,0.0,0.0,0.0,0.0,0.0,0.0,0.0,0.0,0.0,0.0,0.0,0.0
org.apache.cocoon.stax.component.CleaningTransformer,0.0,0.0,0.0,0.0,0.0,0.0,0.0,0.0,0.0,0.0,0.0,0.0,0.0,0.0
org.apache.cocoon.sitemap.node.MatchNodeTest,0.0,0.0,0.0,0.0,0.0,0.0,0.0,0.0,0.0,0.0,0.0,0.0,0.0,0.0
org.apache.cocoon.sample.wicket.OtherPage,0.0,0.0,0.0,0.0,0.0,0.0,0.0,0.0,0.0,0.0,0.0,0.0,0.0,0.0
org.apache.cocoon.sample.wicket.HelloWicketPage,0.0,0.0,0.0,0.0,0.0,0.0,0.0,0.0,0.0,0.0,0.0,0.0,0.0,0.0
org.apache.cocoon.monitoring.statistics.aspects.ServletHitCountStatisticsAspect,0.0,0.0,0.0,0.0,0.0,0.0,0.0,0.0,0.0,0.0,0.0,0.0,0.0,0.0
org.apache.cocoon.sitemap.expression.JexlLanguageInterpreter,0.0,0.0,0.0,0.0,0.0,0.0,0.0,0.0,0.0,0.0,0.0,0.0,0.0,0.0
org.apache.cocoon.monitoring.reconfiguration.LoggingConfigurationResetter,0.0,0.0,0.0,0.0,0.0,0.0,0.0,0.0,0.0,0.0,0.0,0.0,0.0,0.0
org.apache.cocoon.sitemap.node.PipelinesNode,0.0,0.0,0.0,0.0,0.0,0.0,0.0,0.0,0.0,0.0,0.0,0.0,0.0,0.0
org.apache.cocoon.stax.converter.util.DummyLocator,0.0,0.0,0.0,0.0,0.0,0.0,0.0,0.0,0.0,0.0,0.0,0.0,0.0,0.0
org.apache.cocoon.pipeline.util.MurmurHashCodeBuilderTest,0.0,0.0,0.0,0.0,0.0,0.0,0.0,0.0,0.0,0.0,0.0,0.0,0.0,0.0
org.apache.cocoon.stax.converter.StAXToSAXPipelineAdapterTest,0.0,0.0,0.0,0.0,0.0,0.0,0.0,0.0,0.0,0.0,0.0,0.0,0.0,0.0
org.apache.cocoon.stax.CleaningTransformerTest,0.0,0.0,0.0,0.0,0.0,0.0,0.0,0.0,0.0,0.0,0.0,0.0,0.0,0.0
org.apache.cocoon.stax.converter.StAXToSAXPipelineAdapter,0.0,0.0,0.0,0.0,0.0,0.0,0.0,0.0,0.0,0.0,0.0,0.0,0.0,0.0
org.apache.cocoon.rest.controller.response.RedirectResponse,0.0,0.0,0.0,0.0,0.0,0.0,0.0,0.0,0.0,0.0,0.0,0.0,0.0,0.0
org.apache.cocoon.pipeline.util.URLConnectionUtils,0.0,0.0,0.0,0.0,0.0,0.0,0.0,0.0,0.0,0.0,0.0,0.0,0.0,0.0
org.apache.cocoon.sax.xpointer.ShorthandPart,0.0,0.0,0.0,0.0,0.0,0.0,0.0,0.0,0.0,0.0,0.0,0.0,0.0,0.0
org.apache.cocoon.monitoring.statistics.StatisticsInitializer,0.0,0.0,0.0,0.0,0.0,0.0,0.0,0.0,0.0,0.0,0.0,0.0,0.0,0.0
org.apache.cocoon.monitoring.statistics.Statistics,0.0,0.0,0.0,0.0,0.0,0.0,0.0,0.0,0.0,0.0,0.0,0.0,0.0,0.0
org.apache.cocoon.stax.converter.SAXForStAXPipelineWrapperTest,0.0,0.0,0.0,0.0,0.0,0.0,0.0,0.0,0.0,0.0,0.0,0.0,0.0,0.0
org.apache.cocoon.stax.converter.SAXForStAXPipelineWrapper,0.0,0.0,0.0,0.5,0.0,0.0,0.0,0.5,0.0,0.0,0.0,0.0,0.0,1.0
org.apache.cocoon.stax.converter.util.XMLEventToContentHandler,0.0,0.0,0.0,0.0,0.0,0.0,0.0,0.3333333333333333,0.0,0.0,0.0,0.0,0.0,0.3333333333333333
org.apache.cocoon.sax.xpointer.TransformerHandlerFactory,0.0,0.0,0.0,0.0,0.0,0.0,0.0,0.0,0.0,0.0,0.0,0.0,0.0,0.0
org.apache.cocoon.profiling.aspects.PipelineComponentProfilingAspect,0.0,0.0,0.0,0.0,0.0,0.0,0.0,0.0,0.0,0.0,0.0,0.0,0.0,0.0
org.apache.cocoon.sax.component.AbstractLinkRewriterTransformer,0.0,0.0,0.0,0.0,0.0,2.0,0.0,0.0,0.0,0.0,0.0,0.0,0.0,2.0
org.apache.cocoon.sax.component.LinkRewriterException,0.0,0.0,0.0,0.0,0.0,0.0,0.0,1.0,0.0,0.0,0.0,0.0,0.0,1.0
org.apache.cocoon.sitemap.node.WhenNode,0.0,0.0,0.0,0.0,0.0,0.0,0.0,0.0,0.0,0.0,0.0,0.0,0.0,0.0
org.apache.cocoon.sitemap.node.SelectNode,0.0,0.0,0.0,0.0,0.0,0.0,0.0,0.0,0.0,0.0,0.0,0.0,0.0,0.0
org.apache.cocoon.sax.component.XIncludeTransformerTest,0.0,0.0,0.0,0.0,0.0,0.0,0.0,0.0,0.0,0.0,0.0,0.0,0.0,0.0
org.apache.cocoon.rest.controller.ControllerBeanNameGenerator,0.0,0.0,0.0,0.0,0.0,0.0,0.0,0.0,0.0,0.0,0.0,0.0,0.0,0.0
org.apache.cocoon.sitemap.node.GenerateNode,0.0,0.0,0.0,0.0,0.0,0.0,0.0,1.0,0.0,0.0,0.0,0.0,0.0,1.0
org.apache.cocoon.sax.component.SchemaErrorHandler,0.0,0.0,0.0,0.0,0.0,0.0,0.0,0.0,0.0,0.0,0.0,0.0,0.0,0.0
org.apache.cocoon.profiling.TestServletProfiler,0.0,0.0,0.0,0.0,0.0,0.0,0.0,1.0,0.0,0.0,0.0,0.0,0.0,1.0
org.apache.cocoon.profiling.profiler.ServletProfiler,0.0,0.0,0.0,0.5,0.0,0.0,0.0,0.0,0.0,0.0,0.0,0.0,0.0,0.5
org.apache.cocoon.sax.AbstractSAXPipelineComponent,0.0,0.0,0.0,0.0,0.0,0.0,0.0,0.0,0.0,0.0,0.0,0.0,0.0,0.0
org.apache.cocoon.stax.stress.test.EmitTransformerTest,0.0,0.0,0.0,0.0,0.0,0.0,0.0,0.0,0.0,0.0,0.0,0.0,0.0,0.0
org.apache.cocoon.stax.stress.src.EmitElementTransformer,0.0,0.0,0.0,0.0,0.0,0.0,0.0,0.0,0.0,0.0,0.0,0.0,0.0,0.0
org.apache.cocoon.rest.controller.response.URLResponse,0.0,0.0,0.0,0.0,0.0,0.0,0.0,0.0,0.0,0.0,0.0,0.0,0.0,0.0
org.apache.cocoon.servlet.ssf.ServletServiceSerializer,0.0,0.0,0.0,0.0,0.0,0.0,0.0,0.0,0.0,0.0,0.0,0.0,0.0,0.0
org.apache.cocoon.optional.pipeline.components.sax.betwixt.BetwixtBeanGenerator,0.0,0.0,0.0,0.0,0.0,0.0,0.0,0.0,0.0,0.0,0.0,0.0,0.0,0.0
org.apache.cocoon.profiling.MockHttpServletResponse,0.0,0.0,0.0,1.0,0.0,0.0,0.0,1.0,0.0,0.0,0.0,0.0,0.0,2.0
org.apache.cocoon.optional.pipeline.components.sax.betwixt.BetwixtBeanGeneratorTest,0.0,0.0,0.0,0.0,0.0,0.0,0.0,0.0,0.0,0.0,0.0,0.0,0.0,0.0
org.apache.cocoon.optional.pipeline.components.sax.betwixt.Animal,0.0,0.0,0.0,0.0,0.0,0.0,0.0,0.0,0.0,0.0,0.0,0.0,0.0,0.0
org.apache.cocoon.sitemap.spring.PrototypePipelineComponentFactory,0.0,0.0,0.0,0.0,0.0,0.0,0.0,0.0,0.0,0.0,0.0,0.0,0.0,0.0
org.apache.cocoon.optional.pipeline.components.sax.jaxb.Equipment,0.0,0.0,0.0,0.0,0.0,0.0,0.0,0.0,0.0,0.0,0.0,0.0,0.0,0.0
org.apache.cocoon.sitemap.util.WildcardMatcherHelper,0.0,0.0,0.0,0.0,0.0,0.0,0.0,0.0,0.0,0.0,0.0,0.0,0.0,0.0
org.apache.cocoon.sitemap.node.ReadNode,0.0,0.0,0.0,0.0,0.0,0.0,0.0,0.0,0.0,0.0,0.0,0.0,0.0,0.0
org.apache.cocoon.stringtemplate.ControllerContextAwareStringTemplateGenerator,0.0,0.0,0.0,0.0,0.0,0.0,0.0,0.0,0.0,0.0,0.0,0.0,0.0,0.0
org.apache.cocoon.rest.jaxrs.container.CocoonJAXRSServlet,0.0,0.0,0.0,0.0,0.0,0.0,0.0,0.0,0.0,0.0,0.0,0.0,0.0,0.0
org.apache.cocoon.controller.node.CallNode,0.0,0.0,0.0,0.0,0.0,0.0,0.0,0.0,0.0,0.0,0.0,0.0,0.0,0.0
org.apache.cocoon.pipeline.builder.PipelineBuilder,0.0,0.0,0.0,0.0,0.0,0.0,0.0,0.0,0.0,0.0,0.0,0.0,0.0,0.0
org.apache.cocoon.sax.component.XMLSerializerTest,0.0,0.0,0.0,0.0,0.0,0.0,0.0,0.0,0.0,0.0,0.0,0.0,0.0,0.0
org.apache.cocoon.pipeline.util.MurmurHash,0.0,0.0,0.0,0.0,0.0,0.0,0.0,0.0,0.0,0.0,0.0,0.0,0.0,0.0
org.apache.cocoon.profiling.MockXMLSitemapServlet,0.0,0.0,0.0,1.0,0.0,0.0,0.0,1.0,0.0,0.0,0.0,0.0,0.0,2.0
org.apache.cocoon.servlet.util.ManifestUtils,0.0,0.0,0.0,0.0,0.0,0.0,0.0,0.0,0.0,0.0,0.0,0.0,0.0,0.0
org.apache.cocoon.servlet.util.ObjectModelProvider,0.0,0.0,0.0,0.0,0.0,0.0,0.0,0.0,0.0,0.0,0.0,0.0,0.0,0.0
org.apache.cocoon.profiling.profiler.PipelineComponentProfiler,0.0,0.0,0.0,0.0,0.0,0.0,0.0,0.0,0.0,0.0,0.0,0.0,0.0,0.0
org.apache.cocoon.stax.stress.src.GenerationState,0.0,0.0,0.0,0.0,0.0,0.0,0.0,1.0,0.0,0.0,0.0,0.0,0.0,1.0
org.apache.cocoon.sample.controller.DemoRESTController,0.0,0.0,0.0,0.0,0.0,0.0,0.0,0.0,0.0,0.0,0.0,0.0,0.0,0.0
org.apache.cocoon.profiling.profiler.SitemapNodeProfiler,0.0,0.0,0.0,0.0,0.0,0.0,0.0,0.0,0.0,0.0,0.0,0.0,0.0,0.0
org.apache.cocoon.monitoring.statistics.aspects.UrlHitCountStatisticsAspect,0.0,0.0,0.0,0.0,0.0,0.0,0.0,0.0,0.0,0.0,0.0,0.0,0.0,0.0
org.apache.cocoon.stax.sample.test.AddTransformerTest,0.0,0.0,0.0,0.0,0.0,0.0,0.0,0.0,0.0,0.0,0.0,0.0,0.0,0.0
org.apache.cocoon.stax.sample.src.ExampleAddTransformer,0.0,0.0,0.0,0.0,0.0,0.0,0.0,0.0,0.0,0.0,0.0,0.0,0.0,0.0
org.apache.cocoon.sitemap.component.FileReaderComponent,0.0,0.0,0.0,0.0,0.0,0.0,0.0,0.0,0.0,0.0,0.0,0.0,0.0,0.0
org.apache.cocoon.sitemap.component.AbstractReader,0.0,0.0,0.0,0.0,0.0,0.0,0.0,0.0,0.0,0.0,0.0,0.0,0.0,0.0
org.apache.cocoon.pipeline.caching.InvalidCacheKey,0.0,0.0,0.0,0.0,0.0,0.0,0.0,0.0,0.0,0.0,0.0,0.0,0.0,0.0
org.apache.cocoon.sample.generation.CachingTimestampGenerator,0.0,0.0,0.0,0.0,0.0,0.0,0.0,0.0,0.0,0.0,0.0,0.0,0.0,0.0
org.apache.cocoon.sax.PipelineTest,0.0,0.0,0.0,0.0,0.0,0.0,0.0,0.0,0.0,0.0,0.0,0.0,0.0,0.0
org.apache.cocoon.sax.builder.SAXPipelineBuilder,0.0,0.0,0.0,0.0,0.0,0.0,0.0,0.0,0.0,0.0,0.0,0.0,0.0,0.0
org.apache.cocoon.optional.pipeline.components.sax.jaxb.JAXBGenerator,0.0,0.0,0.0,0.0,0.0,0.0,0.0,0.0,0.0,0.0,0.0,0.0,0.0,0.0
org.apache.cocoon.optional.pipeline.components.sax.jaxb.PluralStemmer,0.0,0.0,0.0,0.0,0.0,0.0,0.0,0.0,0.0,0.0,0.0,0.0,0.0,0.0
org.apache.cocoon.optional.pipeline.components.sax.jaxb.GenericType,0.0,0.0,0.0,0.0,0.0,0.0,0.0,0.0,0.0,0.0,0.0,0.0,0.0,0.0
org.apache.cocoon.servlet.node.RedirectNode,0.0,0.0,0.0,0.0,0.0,0.0,0.0,0.0,0.0,0.0,0.0,0.0,0.0,0.0
org.apache.cocoon.profiling.data.InstanceRepresentation,0.0,0.0,0.0,1.0,0.0,0.0,0.0,0.5,0.0,0.0,0.0,0.0,0.0,1.5
org.apache.cocoon.servlet.XMLSitemapServlet,0.0,0.0,0.0,0.0,0.0,0.0,0.0,1.0,0.0,0.0,0.0,0.0,0.0,1.0
org.apache.cocoon.sax.SchemaProcessorTransformerTest,0.0,0.0,0.0,0.0,0.0,0.0,0.0,0.0,0.0,0.0,0.0,0.0,0.0,0.0
org.apache.cocoon.stax.stress.src.GeneratingStarter,0.0,0.0,0.0,0.0,0.0,0.0,0.0,0.0,0.0,0.0,0.0,0.0,0.0,0.0
org.apache.cocoon.sample.action.ErrorThrowingAction,0.0,0.0,0.0,0.0,0.0,0.0,0.0,0.0,0.0,0.0,0.0,0.0,0.0,0.0
org.apache.cocoon.stax.stress.test.HugeDataTest,0.0,0.0,0.0,0.0,0.0,0.0,0.0,0.0,0.0,0.0,0.0,0.0,0.0,0.0
org.apache.cocoon.optional.pipeline.components.sax.jaxb.JAXBGeneratorTestCase,0.0,0.0,0.0,0.0,0.0,0.0,0.0,0.0,0.0,0.0,0.0,0.0,0.0,0.0
org.apache.cocoon.optional.pipeline.components.sax.jaxb.Animal,0.0,0.0,0.0,0.0,0.0,0.0,0.0,0.0,0.0,0.0,0.0,0.0,0.0,0.0
org.apache.cocoon.servlet.ssf.ServletServiceTransformer,0.0,0.0,0.0,0.0,0.0,0.0,0.0,0.0,0.0,0.0,0.0,0.0,0.0,0.0
org.apache.cocoon.sitemap.node.OtherwiseNode,0.0,0.0,0.0,0.0,0.0,0.0,0.0,0.0,0.0,0.0,0.0,0.0,0.0,0.0
org.apache.cocoon.sitemap.node.ActNode,0.0,0.0,0.0,0.0,0.0,0.0,0.0,0.0,0.0,0.0,0.0,0.0,0.0,0.0
org.apache.cocoon.sitemap.spring.ReflectionActionFactory,0.0,0.0,0.0,0.0,0.0,0.0,0.0,0.0,0.0,0.0,0.0,0.0,0.0,0.0
org.apache.cocoon.profiling.aspects.SitemapNodeProfilingAspect,0.0,0.0,0.0,0.0,0.0,0.0,0.0,0.0,0.0,0.0,0.0,0.0,0.0,0.0
org.apache.cocoon.optional.pipeline.components.sax.fop.FopSerializer,0.0,0.0,0.0,0.0,0.0,0.0,0.0,0.0,0.0,0.0,0.0,0.0,0.0,0.0
org.apache.cocoon.stax.sample.test.StartElementAttributeModifaicationTransformerTest,0.0,0.0,0.0,0.0,0.0,0.0,0.0,0.0,0.0,0.0,0.0,0.0,0.0,0.0
org.apache.cocoon.stax.sample.src.StartElementAttributeModificationTransformer,0.0,0.0,0.0,0.0,0.0,0.0,0.0,1.0,0.0,0.0,0.0,0.0,0.0,1.0
org.apache.cocoon.pipeline.caching.AbstractCacheValue,0.0,0.0,0.0,0.0,0.0,0.0,0.0,0.0,0.0,0.0,0.0,0.0,0.0,0.0
org.apache.cocoon.sitemap.expression.SettingsInterpreter,0.0,0.0,0.0,0.0,0.0,0.0,0.0,0.0,0.0,0.0,0.0,0.0,0.0,0.0
org.apache.cocoon.optional.servlet.components.sax.serializers.EncodingHTMLSerializer,0.0,0.0,0.0,0.0,0.0,0.0,0.0,0.0,0.0,0.0,0.0,0.0,0.0,0.0
org.apache.cocoon.stringtemplate.StringTemplateReader,0.0,0.0,0.0,0.0,0.0,0.0,0.0,0.0,0.0,0.0,0.0,0.0,0.0,0.0
org.apache.cocoon.monitoring.reconfiguration.Log4JReconfigurator,0.0,0.0,0.0,0.0,0.0,0.0,0.0,0.0,0.0,0.0,0.0,0.0,0.0,0.0
org.apache.cocoon.stax.stress.test.GeneratingStarterTest,0.0,0.0,0.0,0.0,0.0,0.0,0.0,0.0,0.0,0.0,0.0,0.0,0.0,0.0
org.apache.cocoon.optional.pipeline.components.sax.fop.FopSerializerTestCase,0.0,0.0,0.0,0.0,0.0,0.0,0.0,0.0,0.0,0.0,0.0,0.0,0.0,0.0
org.apache.cocoon.pipeline.caching.AbstractCache,0.0,0.0,0.0,0.0,0.0,0.0,0.0,0.0,0.0,0.0,0.0,0.0,0.0,0.0
org.apache.cocoon.profiling.profiler.MatchNodeProfiler,0.0,0.0,0.0,0.5,0.0,0.0,0.0,0.0,0.0,0.0,0.0,0.0,0.0,0.5
org.apache.cocoon.controller.SpringControllerComponent,0.0,0.0,0.0,0.0,0.0,0.0,0.0,0.0,0.0,0.0,0.0,0.0,0.0,0.0
org.apache.cocoon.monitoring.cache.CacheMonitorInitializer,0.0,0.0,0.0,0.0,0.0,0.0,0.0,0.0,0.0,0.0,0.0,0.0,0.0,0.0
org.apache.cocoon.servlet.component.RequestParametersGenerator,0.0,0.0,0.0,0.0,0.0,0.0,0.0,0.0,0.0,0.0,0.0,0.0,0.0,0.0
org.apache.cocoon.sitemap.matcher.WildcardMatcherTest,0.0,0.0,0.0,0.0,0.0,0.0,0.0,0.0,0.0,0.0,0.0,0.0,0.0,0.0
org.apache.cocoon.optional.pipeline.components.sax.neko.NekoGeneratorTestCase,0.0,0.0,0.0,0.0,0.0,0.0,0.0,0.0,0.0,0.0,0.0,0.0,0.0,0.0
org.apache.cocoon.optional.pipeline.components.sax.neko.NekoGenerator,0.0,0.0,0.0,0.0,0.0,0.0,0.0,0.0,0.0,0.0,0.0,0.0,0.0,0.0
org.apache.cocoon.pipeline.caching.SimpleCache,0.0,0.0,0.0,0.0,0.0,0.0,0.0,0.0,0.0,0.0,0.0,0.0,0.0,0.0
org.apache.cocoon.profiling.profiler.PipelineProfiler,0.0,0.0,0.0,0.0,0.0,0.0,0.0,0.0,0.0,0.0,0.0,0.0,0.0,0.0
org.apache.cocoon.profiling.aspects.ServletProfilingAspect,0.0,0.0,0.0,0.0,0.0,0.0,0.0,0.0,0.0,0.0,0.0,0.0,0.0,0.0
org.apache.cocoon.monitoring.servletservice.ServletServiceMonitorInitializer,0.0,0.0,0.0,0.0,0.0,0.0,0.0,0.0,0.0,0.0,0.0,0.0,0.0,0.0
org.apache.cocoon.monitoring.statistics.StatisticsCollectorTest,0.0,0.0,0.0,0.0,0.0,0.0,0.0,0.0,0.0,0.0,0.0,0.0,0.0,0.0
org.apache.cocoon.monitoring.statistics.aspects.PipelineHitCountStatisticsAspect,0.0,0.0,0.0,0.0,0.0,0.0,0.0,0.0,0.0,0.0,0.0,0.0,0.0,0.0
org.apache.cocoon.sax.component.LogTransformerTestCase,0.0,0.0,0.0,0.0,0.0,0.0,0.0,0.0,0.0,0.0,0.0,0.0,0.0,0.0
org.apache.cocoon.sitemap.util.WildcardMatcherHelperTestCase,0.0,0.0,0.0,0.0,0.0,0.0,0.0,0.0,0.0,0.0,0.0,0.0,0.0,0.0
org.apache.cocoon.sax.xpointer.XPointer,0.0,0.0,0.0,0.0,0.0,0.0,0.0,0.0,0.0,0.0,0.0,0.0,0.0,0.0
org.apache.cocoon.pipeline.caching.ObjectCacheValue,0.0,0.0,0.0,0.0,0.0,0.0,0.0,0.0,0.0,0.0,0.0,0.0,0.0,0.0
org.apache.cocoon.sax.component.RegexpLinkRewriterTransformer,0.0,0.0,0.0,0.0,0.0,0.0,0.0,0.0,0.0,0.0,0.0,0.0,0.0,0.0
org.apache.cocoon.monitoring.statistics.aspects.CacheStatisticsAspect,0.0,0.0,0.0,0.0,0.0,0.0,0.0,0.0,0.0,0.0,0.0,0.0,0.0,0.0
org.apache.cocoon.sax.component.LinkRewriterTransformerTest,0.0,0.0,0.0,0.0,0.0,0.0,0.0,0.0,0.0,0.0,0.0,0.0,0.0,0.0
org.apache.cocoon.profiling.component.ProfilingGenerator,0.0,0.0,0.0,0.5,0.0,0.0,0.0,0.0,0.0,0.0,0.0,0.0,0.0,0.5
org.apache.cocoon.profiling.component.ProfilingPngSerializer,0.0,0.0,0.0,1.0,0.0,0.0,0.0,0.0,0.0,0.0,0.0,0.0,0.0,1.0
org.apache.cocoon.sitemap.spring.SitemapNodeScopeResolver,0.0,0.0,0.0,0.0,0.0,0.0,0.0,0.0,0.0,0.0,0.0,0.0,0.0,0.0
org.apache.cocoon.sitemap.MockSettings,0.0,0.0,0.0,0.0,0.0,0.0,0.0,0.0,0.0,0.0,0.0,0.0,0.0,0.0
org.apache.cocoon.sample.controller.CacheableDemoRESTController,0.0,0.0,0.0,0.0,0.0,0.0,0.0,0.0,0.0,0.0,0.0,0.0,0.0,0.0
org.apache.cocoon.profiling.profiler.GenerateNodeProfiler,0.0,0.0,0.0,0.5,0.0,0.0,0.0,0.0,0.0,0.0,0.0,0.0,0.0,0.5
org.apache.cocoon.sax.component.LogAsXMLTransformerTestCase,0.0,0.0,0.0,0.0,0.0,0.0,0.0,0.0,0.0,0.0,0.0,0.0,0.0,0.0
org.apache.cocoon.profiling.data.EhCacheProfilingDataHolder,0.0,0.0,0.0,1.0,0.0,0.0,0.0,0.0,0.0,0.0,0.0,0.0,0.0,1.0
org.apache.cocoon.sample.controller.DemoRESTControllerAspect1,0.0,0.0,0.0,0.0,0.0,0.0,0.0,0.0,0.0,0.0,0.0,0.0,0.0,0.0
org.apache.cocoon.sax.xpointer.UnsupportedPart,0.0,0.0,0.0,0.0,0.0,0.0,0.0,0.0,0.0,0.0,0.0,0.0,0.0,0.0
org.apache.cocoon.stax.sample.test.StartElementAttributeModificationTransformerTest,0.0,0.0,0.0,0.0,0.0,0.0,0.0,0.0,0.0,0.0,0.0,0.0,0.0,0.0
org.apache.cocoon.sample.wicket.CocoonSampleWicketWebapp,0.0,0.0,0.0,0.0,0.0,0.0,0.0,0.0,0.0,0.0,0.0,0.0,0.0,0.0
org.apache.cocoon.stax.sample.test.ComplexTransformerTest,0.0,0.0,0.0,0.0,0.0,0.0,0.0,0.0,0.0,0.0,0.0,0.0,0.0,0.0
org.apache.cocoon.sitemap.spring.ReflectionPipelineComponentFactory,0.0,0.0,0.0,0.0,0.0,0.0,0.0,0.0,0.0,0.0,0.0,0.0,0.0,0.0
org.apache.cocoon.sample.controller.DemoRESTControllerAspect2,0.0,0.0,0.0,0.0,0.0,0.0,0.0,0.0,0.0,0.0,0.0,0.0,0.0,0.0
org.apache.cocoon.sax.component.SAXGeneratorTest,0.0,0.0,0.0,0.0,0.0,0.0,0.0,0.0,0.0,0.0,0.0,0.0,0.0,0.0
